Hesap Kodu,Hesap Adı,Taraf
100,KASA,B
101,ALINAN ÇEKLER,B
102,BANKALAR,B
103,VERİLEN ÇEKLER VE ÖDEME EMİRLERİ (-),A
108,DİĞER HAZIR DEĞERLER,B
110,HİSSE SENETLERİ,B
111,"ÖZEL KESİM,TAHVİL SENET VE BONOLARI",B
112,"KAMU KESİMİ,TAHVİL SENET VE BONOLARI",B
118,DİĞER MENKUL KIYMETLER,B
119,MENKUL KIYMETLER DEĞER DÜŞÜKLÜĞÜ KAR.(-),A
120,ALICILAR,B
121,ALACAK SENETLERİ,B
122,ALACAK SENETLERİ REESKONTU (-),A
126,VERİLEN DEPOZİTO VE TEMİNATLAR,B
127,DİĞER TİCARİ ALACAKLAR,B
128,ŞÜPHELİ TİCARİ ALACAKLAR,B
129,ŞÜPHELİ TİCARİ ALACAKLAR KARŞILIĞI (-),A
131,ORTAKLARDAN ALACAKLAR,B
132,İŞTİRAKLERDEN ALACAKLAR,B
133,BAĞLI ORTAKLIKLARDAN ALACAKLAR,B
135,PERSONELDEN ALACAKLAR,B
136,DİĞER ÇEŞİTLİ ALACAKLAR,B
137,DİĞER ALACAK SENETLERİ REESKONTU (-),A
138,ŞÜPHELİ DİĞER ALACAKLAR,B
139,ŞÜPHELİ DİĞER ALACAKLAR KARŞILIĞI (-),A
150,İLK MADDE VE MALZEME,B
151,YARI MAMULLER-ÜRETİM,B
152,MAMULLER,B
153,TİCARİ MALLAR,B
157,DİĞER STOKLAR,B
158,STOK DEĞER DÜŞÜKLÜĞÜ KARŞILIĞI (-),A
159,VERİLEN SİPARİŞ AVANSLARI,B
170,YILLARA YAYGIN İNŞAAT VE ONARIM MALİYET.,B
179,TAŞERONLARA VERİLEN AVANSLAR,B
180,GELECEK AYLARA AİT GİDERLER,B
181,GELİR TAHAKKUKLARI,B
190,DEVREDEN KDV,B
191,İNDİRİLECEK KDV,B
192,DİĞER KDV,B
193,PEŞİN ÖDENEN VERGİLER VE FONLAR,B
195,İŞ AVANSLARI,B
196,PERSONEL AVANSLARI,B
197,SAYIM VE TESELLÜM NOKSANLARI,B
198,DİĞER ÇEŞİTLİ DÖNEN VARLIKLAR,B
199,DİĞER DÖNEN VARLIKLAR KARŞILIĞI (-),A
220,ALICILAR,B
221,ALACAK SENETLERİ,B
222,ALACAK SENETLERİ REESKONTU (-),A
226,VERİLEN DEPOZİTO VE TEMİNATLAR,B
229,ŞÜPHELİ TİCARİ ALACAKLAR KARŞILIĞI (-),A
231,ORTAKLARDAN ALACAKLAR,B
232,İŞTİRAKLERDEN ALACAKLAR,B
233,BAĞLI ORTAKLIKLARDAN ALACAKLAR,B
235,PERSONELDEN ALACAKLAR,B
236,DİĞER ÇEŞİTLİ ALACAKLAR,B
237,DİĞER ALACAK SENETLERİ REESKONTU (-),A
239,ŞÜPHELİ DİĞER ALACAKLAR KARŞILIĞI (-),A
240,BAĞLI MENKUL KIYMETLER,B
241,BAĞLI MENKUL KIYMETLER DEĞ.DÜŞ.KARŞI.(-),A
242,İŞTİRAKLER,B
243,İŞTİRAKLERE SERMAYE TAAHHÜTLERİ (-),A
244,İŞTİRAKLER SERMAYE PAY.DEĞ.DÜŞ.KARŞ.(-),A
245,BAĞLI ORTAKLIKLAR,B
246,BAĞLI ORTAKLIKLARA SERMAYE TAAHHÜTLE.(-),A
247,BAĞLI ORTAKLIKLAR SER.PAY.DEĞ.DÜŞ.KAR(-),A
248,DİĞER MALİ DURAN VARLIKLAR,B
249,DİĞER MALİ DURAN VARLIKLAR KARŞILIĞI (-),A
250,ARAZİ VE ARSALAR,B
251,YERALTI VE YERÜSTÜ DÜZENLERİ,B
252,BİNALAR,B
253,"TESİS, MAKİNE VE CİHAZLAR",B
254,TAŞITLAR,B
255,DEMİRBAŞLAR,B
256,DİĞER MADDİ DURAN VARLIKLAR,B
257,BİRİKMİŞ AMORTİSMANLAR (-),A
258,YAPILMAKTA OLAN YATIRIMLAR,B
259,VERİLEN AVANSLAR,B
260,HAKLAR,B
261,ŞEREFİYE,B
262,KURULUŞ VE ÖRGÜTLENME GİDERLERİ,B
263,ARAŞTIRMA VE GELİŞTİRME GİDERLERİ,B
264,ÖZEL MALİYETLER,B
267,DİĞER MADDİ OLMAYAN DURAN VARLIKLAR,B
268,BİRİKMİŞ AMORTİSMANLAR (-),A
269,VERİLEN AVANSLAR,B
271,ARAMA GİDERLERİ,B
272,HAZIRLIK VE GELİŞTİRME GİDERLERİ,B
277,DİĞER ÖZEL TÜKENMEYE TABİ VARLIKLAR,B
278,BİRİKMİŞ TÜKENME PAYLARI (-),A
279,VERİLEN AVANSLAR,B
280,GELECEK YILLARA AİT GİDERLER,B
281,GELİR TAHAKKUKLARI,B
291,GELECEK YILLARDA İNDİRİLECEK KDV,B
292,DİĞER KDV,B
293,GELECEK YILLAR İHTİYACI STOKLAR,B
294,ELDEN ÇIKARI. STOKLAR VE MADDİ DUR. VAR.,B
295,PEŞİN ÖDENEN VERGİLER VE FONLAR,B
297,DİĞER ÇEŞİTLİ DURAN VARLIKLAR,B
298,STOK DEĞER DÜŞÜKLÜĞÜ KARŞILIĞI (-),A
299,BİRİKMİŞ AMORTİSMANLAR (-),A
300,BANKA KREDİLERİ,A
301,FINANSAL KIRALAMA İŞLEMLERINDEN BORÇLAR,A
302,ERTELENMIŞ FIN. KIR. BORÇLANMA MLYT. (-),B
303,UZUN VAD.KREDİLERİN ANAPARA TAK. VE FAİZ,A
304,"TAHVİL ANAPARA BORÇ, TAKSİT VE FAİZLERİ",A
305,ÇIKARILMIŞ BONOLAR VE SENETLER,A
306,ÇIKARILMIŞ DİĞER MENKUL KIYMETLER,A
308,MENKUL KIYMETLER İHRAÇ FARKLARI (-),B
309,DİĞER MALİ BORÇLAR,A
320,SATICILAR,A
321,BORÇ SENETLERİ,A
322,BORÇ SENETLERİ REESKONTU (-),B
326,ALINAN DEPOZİTO VE TEMİNATLAR,A
329,DİĞER TİCARİ BORÇLAR,A
331,ORTAKLARA BORÇLAR,A
332,İŞTİRAKLERE BORÇLAR,A
333,BAĞLI ORTAKLIKLARA BORÇLAR,A
335,PERSONELE BORÇLAR,A
336,DİĞER ÇEŞİTLİ BORÇLAR,A
337,DİĞER BORÇ SENETLERİ REESKONTU (-),B
340,ALINAN SİPARİŞ AVANSLARI,A
349,ALINAN DİĞER AVANSLAR,A
350,YIL.YAYGIN İNŞ. VE ONARIM HAKEDİŞ BEDEL.,A
360,ÖDENECEK VERGİ VE FONLAR,A
361,ÖDENECEK SOSYAL GÜVENLİK KESİNTİLERİ,A
368,"VAD.GEÇ., ERT. VEYA TAKS. VERGİ VE Dİ.YÜ",A
369,ÖDENECEK DİĞER YÜKÜMLÜLÜKLER,A
370,DÖNEM KARI VERGİ VE Dİ.YAS.YÜK.KARŞILIK.,A
371,DÖN.KARININ PEŞ.ÖD.VER.VE DİĞ.YÜKÜM.(-),B
372,KIDEM TAZMİNATI KARŞILIĞI,A
373,MALİYET GİDERLERİ KARŞILIĞI (-),B
379,DİĞER BORÇ VE GİDER KARŞILIKLARI,A
380,GELECEK AYLARA AİT GELİRLER,A
381,GİDER TAHAKKUKLARI,A
391,HESAPLANAN KDV,A
392,DİĞER KDV,A
393,MERKEZ VE ŞUBELER CARİ HESABI,A
397,SAYIM VE TESELLÜM FAZLALARI,A
399,DİĞER ÇEŞİTLİ YABANCI KAYNAKLAR,A
400,BANKA KREDİLERİ,A
401,FINANSAL KIRALAMA İŞLEMLERINDEN BORÇLAR,A
402,ERTELENMIŞ FIN. KIR. BORÇLANMA MLYT. (-),B
405,ÇIKARILMIŞ TAHVİLLER,A
407,ÇIKARILMIŞ DİĞER MENKUL KIYMETLER,A
408,MENKUL KIYMETLER İHRAÇ FARKLARI (-),B
409,DİĞER MALİ BORÇLAR,A
420,SATICILAR,A
421,BORÇ SENETLERİ,A
422,BORÇ SENETLERİ REESKONTU (-),B
426,ALINAN DEPOZİTO VE TEMİNATLAR,A
429,DİĞER TİCARİ BORÇLAR,A
431,ORTAKLARA BORÇLAR,A
432,İŞTİRAKLERE BORÇLAR,A
433,BAĞLI ORTAKLIKLARA BORÇLAR,A
436,DİĞER ÇEŞİTLİ BORÇLAR,A
437,DİĞER BORÇ SENETLERİ REESKONTU (-),B
438,KAMUYA OLAN ERT.VEYA TAKS. BORÇLAR,A
440,ALINAN SİPARİŞ AVANSLARI,A
449,ALINAN DİĞER AVANSLAR,A
472,KIDEM TAZMİNATI KARŞILIĞI,A
479,DİĞER BORÇ VE GİDER KARŞILIKLARI,A
480,GELECEK YILLARA AİT GELİRLER,A
481,GİDER TAHAKKUKLARI,A
492,GELECEK YIL. ERT. VEYA TERK. EDİLE. KDV,A
493,TESİSE KATILMA PAYLARI,A
499,DİĞER ÇEŞ. UZUN VAD. YABANCI KAYNAKLAR,A
500,SERMAYE,A
501,ÖDENMEMİŞ SERMAYE (-),B
502,SERMAYE DÜZELTMESİ OLUMLU FARKLARI,A
503,SERMAYE DÜZELTMESİ OLUMSUZ FARKLARI (-),B
520,HİSSE SENETLERİ İHRAÇ PRİMLERİ,A
521,HİSSE SENEDİ İPTAL KARLARI,A
522,MADDİ DURAN VARLIK YENİ. DEĞ. ARTIŞLARI,A
523,İŞTİRAKLER YENİDEN DEĞERLEME ARTIŞLARI,A
524,MALİYET ARTIŞ FONU,A
525,KAYDA ALINAN EMTİA KARŞILIĞI,A
526,DEMİRBAŞ MAKİNE VE TEÇHİZAT KARŞILIĞI,A
529,DİĞER SERMAYE YEDEKLERİ,A
540,YASAL YEDEKLER,A
541,STATÜ YEDEKLERİ,A
542,OLAĞANÜSTÜ YEDEKLER,A
544,SERMAYEYE EKL.İŞTİ.HİS.VE GAYRİ.SAT.KAZ.,A
548,DİĞER KAR YEDEKLERİ,A
549,ÖZEL FONLAR,A
570,GEÇMİŞ YILLAR KARLARI,A
580,GEÇMİŞ YILLAR ZARARLARI (-),B
590,DÖNEM NET KARI,A
591,DÖNEM NET ZARARI (-),B
600,YURTİÇİ SATIŞLAR,A
601,YURTDIŞI SATIŞLAR,A
602,DİĞER GELİRLER,A
610,SATIŞTAN İADELER (-),B
611,SATIŞ İSKONTOLARI (-),B
612,DİĞER İNDİRİMLER (-),B
620,SATILAN MAMULLER MALİYETİ (-),B
621,SATILAN TİCARİ MALLAR MALİYETİ (-),B
622,SATILAN HİZMET MALİYETİ (-),B
623,DİĞER SATIŞLARIN MALİYETİ (-),B
630,ARAŞTIRMA VE GELİŞTİRME GİDERLERİ (-),B
631,"PAZARLAMA, SATIŞ VE DAĞITIM GİDERLERİ(-)",B
632,GENEL YÖNETİM GİDERLERİ (-),B
640,İŞTİRAKLERDEN TEMETTÜ GELİRLERİ,A
641,BAĞLI ORTAKLIKLARDAN TEMETTÜ GELİRLERİ,A
642,FAİZ GELİRLERİ,A
643,KOMİSYON GELİRLERİ,A
644,KONUSU KALMAYAN KARŞILIKLAR,A
645,MENKUL KIYMET SATIŞ KARLARI,A
646,KAMBİYO KARLARI,A
647,REESKONT FAİZ GELİRLERİ,A
649,DİĞER OLAĞAN GELİR VE KARLAR,A
653,KOMİSYON GİDERLERİ (-),B
654,KARŞILIK GİDERLERİ (-),B
655,MENKUL KIYMET SATIŞ ZARARLARI (-),B
656,KAMBİYO ZARARLARI (-),B
657,REESKONT FAİZ GİDERLERİ (-),B
659,DİĞER OLAĞAN GİDER VE ZARARLAR (-),B
660,KISA VADELİ BORÇLANMA GİDERLERİ (-),B
661,UZUN VADELİ BORÇLANMA GİDERLERİ (-),B
671,ÖNCEKİ DÖNEM GELİR VE KARLARI,A
679,DİĞER OLAĞANDIŞI GELİR VE KARLAR,A
680,ÇALIŞMAYAN KISIM GİDER VE ZARARLARI (-),B
681,ÖNCEKİ DÖNEM GİDER VE ZARARLARI (-),B
689,DİĞER OLAĞANDIŞI GİDER VE ZARARLAR (-),B
690,DÖNEM KARI VEYA ZARARI,A
691,DÖNEM KARI VERGİ VE DİĞ.YAS.YÜK.KAR. (-),B
692,DÖNEM NET KARI VEYA ZARARI,A
700,MALİYET MUHASEBESİ BAĞLANTI HESABI,B
701,MALİYET MUHASEBESİ YANSITMA HESABI,B
710,DİREKT İLK MADDE VE MALZEME GİDERLERİ,B
711,DİREKT İLK MADDE VE MALZEME GİD.YAN.HES.,A
712,DİREKT İLK MADDE VE MALZEME FİYAT FARKI,B
713,DİREKT İLK MADDE VE MALZEME MİKTAR FARKI,B
720,DİREKT İŞÇİLİK GİDERLERİ,B
721,DİREKT İŞÇİLİK GİDERLERİ YANSITMA HESABI,A
722,DİREKT İŞÇİLİK ÜCRET FARKLARI,B
723,DİREKT İŞÇİLİK SÜRE (ZAMAN) FARKLARI,B
730,GENEL ÜRETİM GİDERLERİ,B
731,GENEL ÜRETİM GİDERLERİ YANSITMA HESABI,A
732,GENEL ÜRETİM GİDERLERİ BÜTÇE FARKLARI,B
733,GENEL ÜRETİM GİDERLERİ VERİMLİLİK FARK.,B
734,GENEL ÜRETİM GİDERLERİ KAPASİTE FARKLARI,B
740,HİZMET ÜRETİM MALİYETİ,B
741,HİZMET ÜRETİM MALİYETİ YANSITMA HESABI,A
742,HİZMET ÜRETİM MALİYETİ FARK HESAPLARI,B
750,ARAŞTIRMA VE GELİŞTİRME GİDERLERİ,B
751,ARAŞTIRMA VE GELİŞTİRME GİD. YANSITMA H.,A
752,ARAŞTIRMA VE GELİŞTİRME GİDER FARKLARI,B
760,"PAZARLAMA, SATIŞ VE DAĞITIM GİDERLERİ",B
761,"PAZARLAMA, SATIŞ VE DAĞITIM GİD.YAN.HES.",A
762,"PAZARLAMA, SATIŞ VE DAĞITIM GİD.FARK HES",B
770,GENEL YÖNETİM GİDERLERİ,B
771,GENEL YÖNETİM GİDERLERİ YANSITMA HESABI,A
772,GENEL YÖNETİM GİDER FARKLARI HESABI,B
780,FİNANSMAN GİDERLERİ,B
781,FİNANSMAN GİDERLERİ YANSITMA HESABI,A
782,FİNANSMAN GİDERLERİ FARK HESABI,B
790,İLK MADDE VE MALZEME GİDERLERİ,B
791,İŞÇİ ÜCRET VE GİDERLERİ,B
792,MEMUR ÜCRET VE GİDERLERİ,B
793,DIŞARIDAN SAĞLANAN FAYDA VE HİZMETLER,B
794,ÇEŞİTLİ GİDERLER,B
795,VERGİ RESİM VE HARÇLAR,B
796,AMORTİSMANLAR VE TÜKENME PAYLARI,B
797,FİNANSMAN GİDERLERİ,B
798,GİDER ÇEŞİTLERİ YANSITMA HESABI,A
799,ÜRETİM MALİYET HESABI,B
900,TEMİNAT MEKTUBUNDAN ALACAKLAR,B
901,TEMİNAT MEKTUBUNDAN BORÇLAR,A
910,ALINAN YATIRIM İNDİRİMLERİ,B
911,ALINAN YATIRIM İNDİRİMLERİ KARŞILIĞI,A
920,YATIRIM İNDİRİMİ KULLANILANLAR KARŞILIĞI,B
921,YATIRIM İNDİRİMİNDEN KULLANILAN,A
930,TEMİNAT ALINAN KIYMETLER,B
931,TEMİNAT KIYMET VERENLER,A
940,EMANET ALINAN KIYMETLER,B
941,EMANET KIYMET VERENLER,A
950,KANUNEN KABUL EDİLMEYEN GİDERLER,B
951,KANUNEN KABUL EDİLMEYEN GİDERLER KARŞI.,A
960,DİĞER İNDİRİMLER,B
961,DİĞER İNDİRİMLER KARŞILIĞI,A